No,Collection
1,apparel
2,new-arrivals
3,workwear
4,cool-touch
5,hemp-linen-clothing
6,sandals
7,womens-summer-lookbook
8,mens-summer-lookbook
9,home-essentials-new-arrivals
10,home-essentials-new-arrivals
11,calendar-planners
12,books
13,found-muji
14,public-goods
15,zenb-plant-based-gluten-free-pasta-crackers
16,balmuda
17,hario
18,bamboo-furniture-storage-shelves-racks
19,muji-is-exhibition-behind-the-wa-ke
20,muji-is-exhibition-behind-the-wa-ke
21,graduation-gift-ideas
22,back-to-school-dorm-room-essentials
23,muji-best-seller-products
24,travel-essentials
25,denim-guide-sustainable-jeans
26,t-shirts-shorts-sale
27,new-arrivals
28,new-arrivals
29,womens-tops
30,womens-tops
31,womens-t-shirts
32,womens-tops-shirts
33,womens-bottoms
34,womens-bottoms
35,womens-shorts-skirts
36,womens-denim
37,womens-chino-pants
38,womens-outerwear
39,womens-outerwear
40,dresses
41,dresses
42,accessories
43,socks
44,shoes
45,spring-scarves
46,bags
47,hats
48,womens-innerwear
49,womens-innerwear
50,womens-loungewear
51,unisex
52,muji-labo
53,women
54,mens-tops
55,mens-tops
56,mens-t-shirts
57,mens-shirts-polos
58,mens-bottom
59,mens-bottom
60,mens-shorts
61,mens-denim
62,mens-outerwear
63,mens-outerwear
64,accessories
65,bags
66,shoes
67,socks
68,hats
69,mens-innerwear
70,mens-innerwear
71,mens-loungewear
72,unisex
73,muji-labo
74,mens
75,luggage
76,hard-shell-carry-on-suitcases-36l
77,new-hard-shell-check-in-suitcases
78,garment-organization-cases
79,tech-organizers
80,bags
81,toiletry-cases
82,travel-accessories
83,travel-containers
84,passport-safety-cases
85,umbrellas-raincoats
86,travel-essentials
87,packing-organizers
88,travel-essentials
89,travel-essentials
90,shelves
91,stacking-shelves
92,pine-shelving-unit
93,sus-shelving-unit-light-gray
94,sus-shelving-unit-oak
95,sus-steel-shelf-set
96,bamboo-furniture-storage-shelves-racks
97,sofas-bean-bags
98,sofas
99,body-fit-cushion
100,bed-frames-mattresses
101,bed-frames-mattresses
102,dining-tables
103,dining-tables
104,chairs
105,dining-chairs
106,lounge-chairs
107,stools-benches
108,bamboo-furniture-storage-shelves-racks
109,bamboo-furniture-storage-shelves-racks
110,kitchen-dining
111,kitchen-appliances
112,kitchen-utensils
113,kitchen-organizers
114,tableware
115,glassware
116,dining-utensils
117,bedding
118,pillows-pillowcases
119,duvets-duvet-covers
120,bed-pads-fitted-sheets
121,pajamas-loungewear
122,home-accessories
123,cushions-cushion-covers
124,slippers
125,hooks-hangers
126,electronics-clocks
127,storage-organizers
128,closet-organizer
129,office-storage
130,bathroom-organizer
131,home-storage
132,bathroom
133,bathroom-accessories
134,towels-and-bathmats
135,cleaning
136,cleaning-tools
137,laundry
138,housekeeping-goods
139,furniture
140,body-fit-cushion
141,living-dining
142,shelves
143,bed-frames-mattresses
144,everyday-tableware
145,everyday-tableware
146,aroma-fragrances
147,aroma-diffuser-aroma-pot
148,essential-oils
149,candles
150,reed-diffusers
151,muji-skincare
152,cleansing-oil-soap
153,toning-water
154,moisturising
155,makeup
156,makeup-organizer
157,makeup-accessories
158,hair-care
159,health
160,personal-care
161,wipes-tissues
162,public-goods-personal-care-home-products
163,public-goods-personal-care-home-products
164,paper-goods
165,notebook
166,calendar-planners
167,binders-looseleaf-paper
168,card-memo
169,gift-wrapping
170,pen-pencils
171,pens
172,pencils-erasers
173,markers-highlighters
174,office-supplies
175,sticky-notes
176,office-storage
177,desk-accessories
178,cases
179,albums-photo-frame
180,books
181,arts-fashion
182,cookbooks
183,hobbies-lifestyle
184,office-storage
185,office-storage
186,snacks
187,dry-soups
188,beverages
189,public-goods-food
190,kuze-fuku
191,zenb-plant-based-gluten-free-pasta-crackers
192,snacks
193,snacks
194,limited-time-offers
195,storage-organizers
196,hard-shell-check-in-suitcases
197,limited-time-offers
198,muji-labo
199,shirt-polos-sale
200,hemp-sale
201,spring-scarves
202,sale
203,womens-clearance
204,mens-clearance
205,home-clearance
206,muji-labo
207,muji-labo
208,new-arrivals
209,apparel
210,new-arrivals
211,workwear
212,cool-touch
213,hemp-linen-clothing
214,sandals
215,womens-summer-lookbook
216,mens-summer-lookbook
217,home-essentials-new-arrivals
218,home-essentials-new-arrivals
219,calendar-planners
220,books
221,found-muji
222,public-goods
223,zenb-plant-based-gluten-free-pasta-crackers
224,balmuda
225,hario
226,bamboo-furniture-storage-shelves-racks
227,muji-is-exhibition-behind-the-wa-ke
228,muji-is-exhibition-behind-the-wa-ke
229,graduation-gift-ideas
230,back-to-school-dorm-room-essentials
231,muji-best-seller-products
232,travel-essentials
233,denim-guide-sustainable-jeans
234,t-shirts-shorts-sale
235,new-arrivals
236,new-arrivals
237,women
238,womens-tops
239,womens-tops
240,womens-t-shirts
241,womens-tops-shirts
242,womens-bottoms
243,womens-bottoms
244,womens-shorts-skirts
245,womens-denim
246,womens-chino-pants
247,womens-outerwear
248,womens-outerwear
249,dresses
250,dresses
251,accessories
252,socks
253,shoes
254,spring-scarves
255,bags
256,hats
257,womens-innerwear
258,womens-innerwear
259,womens-loungewear
260,unisex
261,muji-labo
262,women
263,mens
264,mens-tops
265,mens-tops
266,mens-t-shirts
267,mens-shirts-polos
268,mens-bottom
269,mens-bottom
270,mens-shorts
271,mens-denim
272,mens-outerwear
273,mens-outerwear
274,accessories
275,bags
276,shoes
277,socks
278,hats
279,mens-innerwear
280,mens-innerwear
281,mens-loungewear
282,unisex
283,muji-labo
284,mens
285,travel
286,luggage
287,hard-shell-carry-on-suitcases-36l
288,new-hard-shell-check-in-suitcases
289,garment-organization-cases
290,tech-organizers
291,bags
292,toiletry-cases
293,travel-accessories
294,travel-containers
295,passport-safety-cases
296,umbrellas-raincoats
297,travel-essentials
298,packing-organizers
299,travel-essentials
300,travel-essentials
301,furniture
302,shelves
303,stacking-shelves
304,pine-shelving-unit
305,sus-shelving-unit-light-gray
306,sus-shelving-unit-oak
307,sus-steel-shelf-set
308,bamboo-furniture-storage-shelves-racks
309,sofas-bean-bags
310,sofas
311,body-fit-cushion
312,bed-frames-mattresses
313,bed-frames-mattresses
314,dining-tables
315,dining-tables
316,chairs
317,dining-chairs
318,lounge-chairs
319,stools-benches
320,bamboo-furniture-storage-shelves-racks
321,bamboo-furniture-storage-shelves-racks
322,home
323,kitchen-dining
324,kitchen-appliances
325,kitchen-utensils
326,kitchen-organizers
327,tableware
328,glassware
329,dining-utensils
330,bedding
331,pillows-pillowcases
332,duvets-duvet-covers
333,bed-pads-fitted-sheets
334,pajamas-loungewear
335,home-accessories
336,cushions-cushion-covers
337,slippers
338,hooks-hangers
339,electronics-clocks
340,storage-organizers
341,closet-organizer
342,office-storage
343,bathroom-organizer
344,home-storage
345,bathroom
346,bathroom-accessories
347,towels-and-bathmats
348,cleaning
349,cleaning-tools
350,laundry
351,housekeeping-goods
352,furniture
353,body-fit-cushion
354,living-dining
355,shelves
356,bed-frames-mattresses
357,everyday-tableware
358,everyday-tableware
359,health-beauty
360,aroma-fragrances
361,aroma-diffuser-aroma-pot
362,essential-oils
363,candles
364,reed-diffusers
365,muji-skincare
366,cleansing-oil-soap
367,toning-water
368,moisturising
369,makeup
370,makeup-organizer
371,makeup-accessories
372,hair-care
373,health
374,personal-care
375,wipes-tissues
376,public-goods-personal-care-home-products
377,public-goods-personal-care-home-products
378,stationery
379,paper-goods
380,notebook
381,calendar-planners
382,binders-looseleaf-paper
383,card-memo
384,gift-wrapping
385,pen-pencils
386,pens
387,pencils-erasers
388,markers-highlighters
389,office-supplies
390,sticky-notes
391,office-storage
392,desk-accessories
393,cases
394,albums-photo-frame
395,books
396,arts-fashion
397,cookbooks
398,hobbies-lifestyle
399,office-storage
400,office-storage
401,food
402,snacks
403,dry-soups
404,beverages
405,public-goods-food
406,kuze-fuku
407,zenb-plant-based-gluten-free-pasta-crackers
408,snacks
409,snacks
410,limited-time-offers
411,limited-time-offers
412,storage-organizers
413,hard-shell-check-in-suitcases
414,limited-time-offers
415,muji-labo
416,shirt-polos-sale
417,hemp-sale
418,spring-scarves
419,sale
420,womens-clearance
421,mens-clearance
422,home-clearance
423,muji-labo
424,muji-labo
425,63l-suitcase
426,88l-suitcase
427,acacia-dishware
428,accessories
429,acrylic-storages
430,activewear
431,aging-care-series
432,albums-photo-frame
433,anniversary-best-sellers
434,apparel
435,apparel-sale
436,water-repellent
437,dresses
438,mens-shirts-polos
439,luggage
440,tableware
441,bedding
442,storage-organizers
443,aroma-fragrances
444,pen-pencils
