id,color,size
0,palebrown,21-23cm(usw5-7/m3-5)
1,mochabrown,m23.5-25cm(usw6.5-8/m5.5-7)
2,navypattern,xl
3,lightpink,21-23cm(usw5-7/m3-5)
4,lightbeige,21-23cm(usw5-7/m3-5)
5,,22.5cm(usw6/m4.5)
6,beige,l
7,gray,s(usw6.5-7)
8,blue,"standard(w16.9xl24.8"")"
9,lightpinkcheck,xxl
10,,23-25cm(usw6-8)
11,saxebluestripe,xs
12,lightgreen,l
13,offwhitestripe,xl
14,lightbeigecheck,l
15,redpattern,25.5cm(usw8.5/m7.5)
16,natural,22
17,charcoalgray,38
18,mediumgrey,xl
19,,"wide(width33.1"")"
20,darkbrown,m
21,charcoalgraypatten,s
22,black,29
23,offwhitepattern,23-25cm(usw7-9/m5-7.5)
24,burgundystripe,s
25,darkbrown,l
26,lightgreen,21-23cm(usw5-7/m3-5)
27,saxebluecheck,xl
28,yellow,23-25cm(usw6-8/m5-7)
29,smokypink,28
30,gray,l(usw8.5-9/m7.5-8)
31,smokybluepattern,xxl
32,naturalgray,
33,lightgreenstripe,xxl
34,charcoalgray,xxl
35,blue,small
36,gray,a5
37,lightbeige,"queen(l62.9xw78.7"")"
38,brick,xxl
39,black,28
40,burgundy,xs
41,smokypink,25
42,brown,medium
43,bordeaux,xs
44,brown,l25-26.5cm(usw8-9.5/m7-8.5)
45,gray,b6
46,smokyyellow,m
47,greenpattern,m
48,darknavy,26
49,,3tier
50,charcoalgraypatten,l
51,lightbeige,"queen(l80.7xw82.7"")"
52,lightbrown,"queen(l61.0xw72.8"")"
53,charcoalgraypattern,s
54,lavender,s
55,charcoalgray,33
56,bluecheck,xxl
57,leafgreen,xxl
58,black,25
59,deepblack,33
60,frost,
61,lavender,23-25cm(usw7-9/m5-7.5)
62,bordeaux,23-25cm(usw6-8/m5-7)
63,green,25-27cm(usw8-10/m7-9)
64,,vertical
65,ivory,xxl
66,white,large
67,,giftbox#2
68,lightpinkcheck,xl
69,offwhite,25-27cm(usw8-10/m7-9)
70,blue,27
71,natural,xl26.5-28cm(usw9.5-11/m8.5-10)
72,palegreen,xl
73,navypattern,s-m
74,beigecheck,xs
75,beige,"queen(l80.7xw82.7"")"
76,pink,m
77,gray,xl26.5-28cm(usw9.5-11/m8.5-10)
78,bordeauxstripe,m
79,lightbluestripe,xxl
80,,double
81,blue,"double(l55.1xw78.7"")"
82,lightbeige,"double(l53.1xw72.8"")"
83,lightbeigepattern,m
84,,b6
85,smokyblue,s(usw6.5-7)
86,darkbrown,"queen(l62.9xw78.7"")"
87,whitestripe,xxl
88,lightbeigepattern,l
89,beigestripe,xl
90,darkredpattern,
91,lavender,m
92,gray,xxl28.5-30cm(usw11.5-12/m10.5-12)
93,lavender,l
94,stripe,
95,mustard,xxl
96,,24cm(usw7.5/m6)
97,smokygreen,s
98,lightgreenstripe,xs
99,,400ml(13.5floz)
100,cream,xs
101,orange,small
102,smokygreen,23-25cm(usw7-9/m5-7.5)
103,khaki,
104,darknavy,xxs
105,charcoalgray,32
106,darkbrown,"queen(l80.7xw82.7"")"
107,lavender,21-23cm(usw5-7/m3-5)
108,lightgray,"semidouble(l65.0xw82.7"")"
109,lightgray,25-27cm(usw9-11/m7.5-10)
110,darkbeige,xxl
111,,250ml(8.5floz)
112,smokyorange,
113,darkgray,a4
114,lightgraystripe,m
115,oatmealstripe,m
116,navypattern,s
117,indigoblue,26
118,,xl26.5-28cm(usw9.5-11/m8.5-10)
119,lightpinkstripe,xs
120,palegreenstripe,m
121,darkmustard,23-25cm(usw7-9/m5-7.5)
122,mustardpattern,23-25cm(usw7-9/m5-7.5)
123,smokyblue,l(usw8.5-9/m7.5-8)
124,silvergray,xs
125,,landscape
126,navypattern,23-25cm(usw7-9/m5-7.5)
127,charcoalgray,xl(usw9.5-10/m8.5-9)
128,fadedgreen,29-31cm(usw13-15/m11-13)
129,,"7-(w20.1xd14.6xh9.5"")"
130,chocolatebrown,23-25cm(usw7-9/m5-7.5)
131,black,xxxs
132,purplered,
133,darkbrowncheck,"semidouble(l65.0xw82.7"")"
134,leafgreen,xl
135,green,25-27cm(usw9-11/m7.5-10)
136,,xxl28.5-30cm(usw11.5-12/m10.5-12)
137,smokygreen,l
138,,"medium-dia.4.9"""
139,,large
140,navy,"semidouble(l65.0xw82.7"")"
141,navy,25-27cm(usw9-11/m7.5-10)
142,green,xl
143,darkgray,"king(l90.6xw82.7"")"
144,,acrylicframe#3
145,gray,28-30cm(usw12-13/m10-13.5)
146,yellowstripe,xs
147,offwhite,xl
148,darknavy,27-29cm(usw11-12.5/m9-11)
149,smokygreen,21-23cm(usw5-7/m3-5)
150,,giftbox#3
151,,"appetizerplate/7.5"""
152,mediumgrey,s
153,darkmustard,m
154,navy,xl
155,darkmustard,l
156,offwhite,m(usw7.5-8/m6.5-7)
157,,450ml
158,khakigreenstripe,23-25cm(usw7-9/m5-7.5)
159,lightbluestripe,xl
160,navypattern,l
161,,"1-(w7.1xd10.2xh7.1"")"
162,lightsilvergray,25-27cm(usw9-11/m7.5-10)
163,bluestripe,xxl
164,saxebluecheck,s
165,darkgray,xxs
166,whitestripe,xl
167,grayishbrown,26
168,greencheck,s
169,sandbeigepattern,xxl
170,,330ml
171,saxeblue,m
172,lightgray,m23.5-25cm(usw6.5-8/m5.5-7)
173,natural,26
174,charcoalgray,xxl(usm9.5-10)
175,darkmustard,21-23cm(usw5-7/m3-5)
176,navystripe,27-29cm(usw11-12.5/m9-11)
177,khakigreen,m
178,lightblue,s
179,lightbrown,"king(l88.6xw80.7"")"
180,blue,24
181,yellowcheck,xs
182,saxebluestripe,m
183,offwhite,29cm(usm11)
184,darkbeige,xs
185,gray,a4
186,lightblue,23-25cm(usw7-9/m5-7.5)
187,lilac,
188,darknavy,27
189,blue,xxl
190,navystripe,28-30cm(usw12-13/m11-13.5)
191,,"a5(5.8x8.3"")"
192,,mini
193,darknavy,25
194,greencheck,l
195,purple,
196,darkgray,27-29cm(usw11-12.5/m9-11)
197,black,25-27cm(usw9-11/m7.5-10)
198,,grid
199,lightpinkcheck,s
200,natural,"4.7"""
201,gray,"king(l90.6xw82.7"")"
202,,23.5cm(usw7/m5.5)
203,khakigreen,l(usw8.5-9/m7.5-8)
204,sandbeigestripe,xxl
205,lightbrown,"queen(l80.7xw80.7"")"
206,blue,33
207,lightblue,l
208,beigecheck,s
209,blue,"single(l39.3xw78.7"")"
210,natural,xxs
211,camel,xxl
212,burgundy,m
213,brown,xxl
214,smokypinkstripe,xs
215,burgundy,l
216,smokypink,xs
217,,a4
218,blue,"queen-king(w53.1xl66.9xd15"")"
219,bordeaux,m
220,bordeaux,l
221,salmonpink,25-27cm(usw8-10/m7-9)
222,,dates
223,bluestripe,xl
224,offwhite,26.5cm(usw9.5/m8.5)
225,offwhitecheck,xs
226,,750ml(25.4floz)
227,,b5-trifold
228,blackpattern,xxl
229,bluepattern,27-29cm(usw11-12.5/m9-11)
230,mochabrown,xl26.5-28cm(usw9.5-11/m8.5-10)
231,black,b5
232,smokybluepattern,s
233,charcoalgray,"16.9x16.9"""
234,lightgreenstripe,s
235,bordeaux,21-23cm(usw5-7/m3-5)
236,charcoalgray,s
237,mintgreen,
238,smokybrown,xxs
239,,12piecesset
240,white,small
241,mochabrown,xxl28.5-30cm(usw11.5-12/m10.5-12)
242,charcoalgray,23-25cm(usw7-9/m5-7.5)
243,brick,s
244,natural,l25-26.5cm(usw8-9.5/m7-8.5)
245,,"smallplate/3.9"""
246,black,29cm(usm11)
247,beigecheck,m
248,black,23-25cm(usw6-8/m5-7)
249,beigecheck,l
250,brick,23-25cm(usw7-9/m5-7.5)
251,grayishbrown,27-29cm(usw11-12.5/m9-11)
252,gray,l25-26.5cm(usw8-9.5/m7-8.5)
253,navy,"single(l37.4xw72.8"")"
254,orange,xxl
255,blue,xs
256,greenstripe,xxl
257,,"15.7"""
258,,dottedgrid
259,natural,27-29cm(usw11-12.5/m9-11)
260,,120g
261,white,28-30cm(usw12-13/m11-13.5)
262,indigoblue,25
263,,50ml(1.7floz)
264,red,25-27cm(usw9-11/m7.5-10)
265,bluecheck,s
266,gray,27-29cm(usw11-12.5/m9-11)
267,leafgreen,s
268,mediumgray,xxl
269,smokybluepattern,l
270,khaki,25-27cm(usw9-11/m7.5-10)
271,lightgreenstripe,l
272,cream,m
273,ivory,s
274,offwhite,"16.9x16.9"""
275,charcoalgray,l
276,black,34
277,offwhite,"king(l70.9xw78.7"")"
278,ivory,23-25cm(usw7-9/m5-7.5)
279,sandbeigestripe,xl
280,smokypink,23
281,camel,xs
282,brick,l
283,brown,xs
284,brownstripe,xxl
285,,"small(width16.5"")"
286,silver,
287,,"3-(w14.6xd10.2x4.7"")"
288,,30ml(1.0floz)
289,lightbluestripe,s
290,whitecheck,xs
291,black,27-29cm(us11-12.5w/9-11m)
292,graystripe,27-29cm(usw11-12.5/m9-11)
293,palebrown,
294,charcoalgraycheck,s-m
295,,necklaces
296,charcoalgrey,
297,,l25-26.5cm(usw8-9.5/m7-8.5)
298,whitestripe,s
299,lightpinkstripe,m
300,grayishbrown,27
301,silvergray,m
302,lightpinkstripe,l
303,lightbeige,
304,black,23
305,lightpink,
306,black,26.5cm(usw9.5/m8.5)
307,,"queen(w20xl28"")"
308,natural,27
309,,1.1l(1.2quarts)
310,bluecheck,l
311,mustard,s
312,graycheck,xs
313,blackpattern,xl
314,natural,25
315,,small
316,ivory,l
317,red,23-25cm(usw6-8/m5-7)
318,palelavender,23-25cm(usw7-9/m5-7.5)
319,smokybluestripe,xs
320,,"lunchplate/9.1"""
321,beige,
322,redpattern,28cm(usm10)
323,mistygray,25-27cm(usw9-11/m7.5-10)
324,purplecheck,xxl
325,gray,"double(l55.1xw78.7"")"
326,yellowstripe,m
327,yellowcheck,s
328,orange,xs
329,,blank
330,,"lunchplate/8.7"""
331,darkgreenstripe,xxl
332,yellowstripe,l
333,darkbeige,s
334,darkgray,"large(w33.1xd0.4xh22"")"
335,,4l(135.3floz)
336,lightbluestripe,l
337,lightyellow,27-29cm(usw11-12.5/m9-11)
338,khakigreen,28-30cm(usw12-13/m10-13.5)
339,charcoalgraystripe,29-31cm(usw13-15/m11-13)
340,,"queen(l82.7xw82.7"")"
341,smokypink,30
342,offwhite,26cm(usw9/m8)
343,lightgreen,
344,mediumgray,xs
345,mustard,l
346,darkmochabrown,m
347,darkbrowncheck,m
348,smokyyellowstripe,xxl
349,palepeach,xs
350,navycheck,xs
351,sandbeige,24
352,brownpattern,27-29cm(usw11-12.5/m9-11)
353,black,30
354,offwhite,s(usw6.5-7)
355,,"dinnerplate/10.2"""
356,,20pieces
357,ivorystripe,21-23cm(usw5-7/m3-5)
358,,2.6l(2.7quarts)
359,skybluestripe,xxl
360,redcheck,xs
361,sandbeige,xxl
362,whitegray,
363,yellowcheck,l
364,darkbeige,l
365,smokygreenstripe,xxl
366,smokyblue,27-29cm(usw11-12.5/m9-11)
367,,a6
368,white,9.5floz
369,charcoalgray,35
370,,large-2pcs
371,offwhite,27cm(usm9)
372,charcoalgray,31
373,sandbeigepattern,s
374,rawwhite,23-25cm(usw7-9/m5-7.5)
375,lilac,xl
376,deepblack,31
377,darknavy,xs
378,charcoalgray,"21.6x23.2""(55x59cm)"
379,navycheck,l-xl
380,pinkstripe,xs
381,blue,36
382,darkgraystripe,25-27cm(usw9-11/m7.5-10)
383,darknavy,23-25cm(usw6-8/m5-7)
384,smokypinkcheck,xs
385,fadedgreen,25-27cm(usw9-11/m7.5-10)
386,purplecheck,xl
387,lightbeige,xxxs
388,darknavypattern,25-27cm(usw9-11/m7.5-10)
389,darkgray,"semidouble(l65.0xw82.7"")"
390,smokypinkstripe,m
391,navystripe,xs
392,darkgreenstripe,xl
393,smokypink,m
394,blue,s
395,white,xxl
396,darkgrey,xxl
397,blue,23-25cm(usw7-9/m5-7.5)
398,charcoalgray,29-31cm(usw13-14.5/m11-13)
399,sandbeigepattern,l
400,offwhitecheck,m
401,,60pockets
402,mochabrown,l25-26.5cm(usw8-9.5/m7-8.5)
403,apricot,m
404,smokyyellowstripe,xl
405,beige,xxxs
406,lightgray,xl26.5-28cm(usw9.5-11/m8.5-10)
407,,"largew13.8xd14.2xh9.4"""
408,rawwhite,21-23cm(usw5-7/m3-5)
409,,24.5cm(usw8/m6.5)
410,sandbeigestripe,s
411,lavender,
412,beige,25-27cm(usw8-10/m7-9)
413,camel,s
414,darkgray,b5
415,orangecheck,"king(l90.6xw82.7"")"
416,brown,s
417,lightgray,xxl28.5-30cm(usw11.5-12/m10.5-12)
418,antiqueblue,27-29cm(usw11-12.5/m9-11)
419,sandbeige,xl
420,sandbeige,32
421,camel,23-25cm(usw7-9/m5-7.5)
422,lightgray,large
423,lightgrey,xs
424,brown,23-25cm(usw7-9/m5-7.5)
425,blue,l
426,,30g
427,darknavy,23
428,black,27cm(usm9)
429,lightyellowstripe,xs
430,redstripe,xl
431,blackpattern,s
432,darknavystripe,xs
433,lightpinkpattern,23-25cm(usw7-9/m5-7.5)
434,offwhite,29-31cm(usw13-14.5/m11-13)
435,darkgray,m23.5-25cm(usw6.5-8/m5.5-7)
436,blue,21-23cm(usw5-7/m3-5)
437,,1.7floz
438,black,l(usw8.5-9/m7.5-8)
439,,"standard(w17xl25"")"
440,white,xxs-xs
441,blue,"queen(w19.7xl27.6"")"
442,,wide
443,gray,xs(usw5.5-6)
444,navypattern,27.5cm(usm9.5)
445,,"small(w13.4xd17.5xh7.1"")"
446,oatmeal,xs
447,mochabrown,21-25cm(usw4-8/m3-7)
448,darkbrown,xxl
449,,"breadplate/5.9"""
450,smokygreen,
451,camel,l
452,blackstripe,25-27cm(usw9-11/m7.5-10)
453,darkgray,l-xl
454,brown,l
455,yellow,27-29cm(usw11-12.5/m9-11)
456,orange,s
457,greenstripe,s
458,white,xs
459,whitecheck,m
460,lightpink,25-27cm(usw9-11/m7.5-10)
461,lightbeige,25-27cm(usw9-11/m7.5-10)
462,,"1/4horizontal(w5.9xd4.3xh1.8"")"
463,pinkcheck,s-m
464,black,b6
465,darkgrey,xl
466,redpattern,28.5cm(usm10.5)
467,mediumgray,s
468,darkgreen,xxs
469,camel,21-23cm(usw5-7/m3-5)
470,brown,21-23cm(usw5-7/m3-5)
471,darkmustard,
472,graycheck,m
473,lightpink,xl
474,lightbeige,xl
475,navypattern,
476,grayishbrown,xs
477,offwhitestripe,27-29cm(usw11-12.5/m9-11)
478,natural,xs
479,darknavy,30
480,graystripe,25-27cm(usw9-11/m7.5-10)
481,lightbeige,m(usw7.5-8/m6.5-7)
482,beige,"semidouble(l65.0xw82.7"")"
483,,"smallw21.6xd17.3xh7.1"""
484,beige,25-27cm(usw9-11/m7.5-10)
485,lightpinkpattern,21-23cm(usw5-7/m3-5)
486,gray,"king(l88.6xw80.7"")"
487,smokyyellow,xxl
488,greenpattern,xxl
489,smokybluestripe,m
490,gray,xs
491,brownstripe,s
492,redcheck,s
493,beige,xl
494,brownstripe,23-25cm(usw7-9/m5-7.5)
495,orange,l
496,greenstripe,l
497,natural,23-25cm(usw6-8/m5-7)
498,blue,"queen(l62.9xw78.7"")"
499,offwhite,28-30cm(usw12-13/m10-13.5)
500,indigoblue,23
501,darknavy,36
502,clear,8.5floz
503,lightgreen,25-27cm(usw9-11/m7.5-10)
504,,ldia.15.5cm
505,navy,28-30cm(usw12-13/m10-13.5)
506,,"4-(w14.6xd10.2xh7.1"")"
507,gray,23-25cm(usw6-8/m5-7)
508,,openlid
509,smokybrown,xs
510,mediumgray,l
511,,"deepw15.7xd25.6xh11.8"""
512,,box-halfshallow
513,,28cm(usw11.5/m10)
514,lightgreen,xl
515,palepeach,m
516,gray,xl(usw9.5-10/m8.5-9)
517,pink,xxl
518,lightbeige,m23.5-25cm(usw6.5-8/m5.5-7)
519,beige,b5
520,blue,"queen(l80.7xw82.7"")"
521,black,large
522,navycheck,m
523,lightbeigecheck,xl
524,bordeauxstripe,xxl
525,navycheck,l
526,gray,"queen(l80.7xw80.7"")"
527,blue,31
528,purplecheck,s
529,darknavycheck,xs
530,lavender,xxl
531,redcheck,m
532,brownstripe,l
533,darkbrown,xl
534,smokypinkcheck,s
535,darkgreenstripe,s
536,redcheck,l
537,,210ml
538,brownpattern,25-27cm(usw9-11/m7.5-10)
539,lightblue,
540,natural,23
541,smokyyellowstripe,s
542,,"6-(w20.1xd14.6xh7.1"")"
543,smokyblue,xs(usw5.5-6)
544,offwhitepattern,25-27cm(usw9-11/m7.5-10)
545,darknavy,m
546,fadedblue,23-25cm(usw7-9/m5-7.5)
547,indigoblue,30
548,,giftbox#1
549,lightyellow,xs
550,greenpattern,xs
551,lightgraystripe,xxl
552,pinkstripe,m
553,oatmealstripe,xxl
554,skybluestripe,s
555,offwhite,"king(l90.6xw82.7"")"
556,white,s-m
557,sandbeige,s
558,,checkbox
559,charcoalgraypatten,xl
560,darknavy,21-23cm(usw5-7/m3-5)
561,smokypinkcheck,l
562,smokygreenstripe,s
563,navy,"king(l90.6xw82.7"")"
564,lightyellow,23-25cm(usw6-8/m5-7)
565,black,28-30cm(usw12-13/m10-13.5)
566,khakigreenpattern,23-25cm(usw7-9/m5-7.5)
567,navystripe,m
568,lightgraycheck,"queen(l80.7xw82.7"")"
569,,200g
570,,"caseforcottonpads&cottonswabs(w4.2xd2.8xh3"")"
571,beige,27-29cm(us11-12.5w/9-11m)
572,,470ml(15.9floz)
573,,plain
574,,"23.0cm(approx.9.1"")"
575,smokyyellowstripe,l
576,lightbeige,"single(l37.4xw72.8"")"
577,,"deepw21.6xd17.3xh11.8"""
578,smokyblue,xs
579,brown,29-31cm(usw13-14.5/m11-13)
580,darkmustard,xxl
581,grayishbrownstripe,25-27cm(usw9-11/m7.5-10)
582,charcoalgraypattern,25-27cm(usw9-11/m7.5-10)
583,lightgray,l25-26.5cm(usw8-9.5/m7-8.5)
584,charcoalgray,29
585,graypattern,25-27cm(usw9-11/m7.5-10)
586,black,26
587,darkgraystripe,m
588,skybluestripe,l
589,natural,30
590,lightbeigepattern,xl
591,,"5pads2.0x0.6"")"
592,saxeblue,xxl
593,lavender,xl
594,darkgray,m
595,smokygreenstripe,l
596,charcoalgray,
597,lightgrey,m
598,black,a4
599,navycheck,"queen(l80.7xw82.7"")"
600,white,s
601,darkgrey,s
602,,small(2pcs)
603,charcoalgray,28
604,white,23-25cm(usw7-9/m5-7.5)
605,natural,"21.6x23.2"""
606,lightyellowstripe,m
607,lightbeige,"king(l70.9xw78.7"")"
608,lightyellowstripe,l
609,green,27-29cm(usw11-12.5/m9-11)
610,darknavystripe,m
611,brown,thin3pieces
612,,135pieces
613,saxebluestripe,xxl
614,offwhite,27-29cm(usw11-12.5/m9-11)
615,black,40
616,,"30sheets(~3.0x3.0"")"
617,lightgraystripe,xs
618,grayishbrown,s
619,darkgray,"queen(w19.7xl27.6"")"
620,palegreenstripe,xs
621,navy,27-29cm(usw11-12.5/m9-11)
622,grayishbrown,23-25cm(usw7-9/m5-7.5)
623,bluecheck,
624,oatmealstripe,xl
625,lightgray,"semidouble-double(w43.3xl66.9xd15"")"
626,oatmeal,m
627,oatmeal,l
628,bluepattern,m
629,khakigreen,xs(usw5.5-6)
630,,28.5cm(usw12/m10.5)
631,ivory,
632,smokygreen,xl
633,,"regular(width22.0"")"
634,lightsilvergray,27-29cm(usw11-12.5/m9-11)
635,white,l
636,mochabrown,xs
637,mustardpattern,25-27cm(usw9-11/m7.5-10)
638,navypattern,25-27cm(usw9-11/m7.5-10)
639,lightbeige,"semidouble(l65xw80.7"")"
640,lightgray,"double(l55.1xw78.7"")"
641,,"17.7"""
642,bordeaux,25-27cm(usw8-10/m7-9)
643,grayishbrown,m
644,burgundy,xxl
645,,box-small
646,white,21-23cm(usw5-7/m3-5)
647,grayishbrown,l
648,graypattern,l-xl
649,natural,m
650,lightorange,xs
651,darkmustard,xl
652,bordeaux,xxl
653,mochabrown,23-25cm(usw6-8/m5-7)
654,darkpurple,m
655,darkgray,b6
656,darkbrown,"king(l70.9xw78.7"")"
657,mustard,
658,,square
659,darkbrown,s
660,saxeblue,xs
661,gray,m
662,,regular
663,palelavender,
664,grayishbrown,21-23cm(usw5-7/m3-5)
665,khakigreen,xs
666,lightorange,23-25cm(usw6-8/m5-7)
667,offwhitestripe,25-27cm(usw9-11/m7.5-10)
668,orangecheck,"semidouble(l65.0xw82.7"")"
669,natural,21-23cm(usw5-7/m3-5)
670,,23-25cm(usw7-9/m5-7.5)
671,,"deepw17.5xd21.6xh11.8"""
672,,550ml
673,navy,"double(l55.1xw78.7"")"
674,lightbeige,s(usw6.5-7)
675,,pinbrush
676,khakigreenstripe,25-27cm(usw9-11/m7.5-10)
677,gray,21-23cm(usw5-7/m3-5)
678,lightbrown,
679,darkbeige,
680,smokybrown,m
681,beigecheck,xxl
682,yellow,xs
683,black,27-29cm(usw11-12.5/m9-11)
684,,25-28cm(usm7-10)
685,,670ml(22.7floz)
686,gray,"queen(w19.7xl27.6"")"
687,saxebluestripe,xl
688,,planner
689,black,28.5cm(usm10.5)
690,graystripe,m
691,darkgray,xl26.5-28cm(usw9.5-11/m8.5-10)
692,green-grid,
693,smokyyellow,s
694,navypattern,29cm(usm11)
695,greenpattern,s
696,,a4-trifold
697,khakigreen,xl(usw9.5-10/m8.5-9)
698,blue,medium
699,white,8.5floz
700,charcoalgray,xxxs
701,greenpattern,23-25cm(usw7-9/m5-7.5)
702,darknavycheck,m
703,,queen
704,greencheck,xl
705,deepblack,24
706,darkgray,xxl28.5-30cm(usw11.5-12/m10.5-12)
707,browncheck,xs
708,palebrownstripe,25-27cm(usw9-11/m7.5-10)
709,charcoalgray,25-27cm(usw8-10/m7-9)
710,navyborder,m23.5-25cm(usw6.5-8/m5.5-7)
711,black,28-30cm(usw12-13/m11-13.5)
712,cream,xxl
713,lightbrown,"king(l68.9xw72.8"")"
714,lightbeige,l(usw8.5-9/m7.5-8)
715,smokypink,27
716,,horizontal
717,lightblue,xl
718,lightgray,"large(w33.1xd0.4xh22"")"
719,pink,s
720,black,21-25cm(usw4-8/m3-7)
721,,"largew15.7xd25.6xh9.4"""
722,bordeauxstripe,s
723,burgundy,xl
724,lightyellow,m
725,pink,23-25cm(usw7-9/m5-7.5)
726,,medium2pcs
727,black,27
728,bordeaux,xl
729,lightbeigepattern,s
730,smokyyellow,l
731,greenpattern,l
732,lightpinkstripe,xxl
733,,"small(w16.5xd22.0"")"
734,silvergray,xxl
735,gray,"queen(l62.9xw78.7"")"
736,,round-large
737,browncheck,l-xl
738,,16pegs
739,darkgreen,xs
740,beige,a5
741,darkredpattern,27-29cm(usw11-12.5/m9-11)
742,charcoalgraystripe,23-25cm(usw7-9/m5-7.5)
743,navypattern,26.5cm(usw9.5/m8.5)
744,blue,29
745,red,27-29cm(usw11-12.5/m9-11)
746,,"small(w5.9xd5.1xh7.1"")"
747,beige,b6
748,,5pieces
749,,"medium(w5.9xd8.7xh3.4"")"
750,khaki,27-29cm(usw11-12.5/m9-11)
751,yellowstripe,xxl
752,beigecheck,xl
753,pink,l
754,blue,
755,blueblack,
756,smokyblue,m
757,orange,medium
758,lightgraystripe,s
759,bordeauxstripe,l
760,oatmealstripe,s
761,,moisture
762,palegreenstripe,s
763,,"deep(w13.4xd17.5xh11.8"")"
764,mustard,25-27cm(usw8-10/m7-9)
765,orangestripe,m
766,lightbluepattern,23-25cm(usw7-9/m5-7.5)
767,palegreen,xs
768,charcoalgray,25-27cm(usw9-11/m7.5-10)
769,mediumgraystripe,23-25cm(usw7-9/m5-7.5)
770,gray,large
771,,26.5cm(usw10/m8.5)
772,darkmochabrown,xxl
773,darkbrowncheck,xxl
774,smokybluepattern,xl
775,,lightmoisture
776,brick,25-27cm(usw9-11/m7.5-10)
777,lightbeige,xxl28.5-30cm(usw11.5-12/m10.5-12)
778,darknavy,29-31cm(usw13-15/m11-13)
779,lightgreenstripe,xl
780,cream,xl
781,,acrylicframe#4
782,charcoalgray,xl
783,lightgray,"single(l39.3xw78.7"")"
784,grayborder,m23.5-25cm(usw6.5-8/m5.5-7)
785,brown,
786,deepblack,32
787,beigestripe,xs
788,brick,xl
789,charcoalgray,m(usw7.5-8/m6.5-7)
790,lightgray,"queen-king(w53.1xl66.9xd15"")"
791,darkmustard,s
792,kraft,
793,sakura,
794,,"4-(w7.1xd15.7xh32.7"")"
795,mochabrown,23-25cm(usw7-9w/m5-7.5)
796,lightgraystripe,l
797,oatmealstripe,l
798,graypattern,m
799,whitepattern,28-30cm(usw12-13/m11-13.5)
800,palegreenstripe,l
801,navystripe,29-31cm(usw13-15/m11-13)
802,lightpinkstripe,xl
803,ivory,25-27cm(usw9-11/m7.5-10)
804,saxeblue,s
805,bluecheck,xl
806,saxeblue,23-25cm(usw7-9/m5-7.5)
807,offwhite,"semidouble(l65.0xw82.7"")"
808,,25cm(usw8.5/m7)
809,offwhite,25-27cm(usw9-11/m7.5-10)
810,khakigreen,s
811,,round-small
812,ivory,xl
813,,large11l
814,khakigreen,23-25cm(usw7-9/m5-7.5)
815,mochabrown,m
816,charcoalgray,m23.5-25cm(usw6.5-8/m5.5-7)
817,smokypink,24
818,smokymustard,m
819,orange,
820,blueblack,0.5mm
821,lightgray,xs
822,saxebluestripe,s
823,lightpurple,xs
824,whitestripe,25-27cm(usw9-11/m7.5-10)
825,yellowstripe,xl
826,smokypinkstripe,xxl
827,,"largew17.5xd21.6xh9.4"""
828,yellow,23-25cm(usw7-9/m5-7.5)
829,lightorange,m
830,smokypink,xxl
831,lightorange,l
832,mediumgray,
833,mochabrown,21-23cm(usw5-7/m3-5)
834,darkmochabrown,xs
835,darkbrowncheck,xs
836,saxeblue,l
837,clear,9.5floz
838,offwhite,25.5cm(usw8.5/m7.5)
839,,2tier
840,darkgray,"standard(w16.9xl24.8"")"
841,mustard,xl
842,leafgreen,23-25cm(usw6-8/m5-7)
843,navycheck,
844,blue,38
845,apricot,xxl
846,navypattern,26cm(usw9/m8)
847,navy,"king(l88.6xw80.7"")"
848,charcoalgray,34
849,,"small-dia.4.5"""
850,khakigreen,l
851,navy,xs
852,aquablue,25-27cm(usw9-11/m7.5-10)
853,,mixedbristlesbrush
854,green,23-25cm(usw6-8/m5-7)
855,green,m23.5-25cm(usw6.5-8/m5.5-7)
856,saxeblue,21-23cm(usw5-7/m3-5)
857,lightgray,l-xl
858,offwhite,23-25cm(usw6-8/m5-7)
859,saxebluestripe,l
860,darknavy,21-25cm(usw4-8/m3-7)
861,burgundy,s
862,yellow,m
863,yellowcheck,xl
864,yellow,l
865,,"large-dia.6.5"""
866,darkredcheck,xs
867,khakigreen,21-23cm(usw5-7/m3-5)
868,darkbeige,xl
869,bordeaux,s
870,,arabesque
871,lightsilvergray,xs
872,darkgray,l25-26.5cm(usw8-9.5/m7-8.5)
873,,1l(33.8floz)
874,bordeaux,23-25cm(usw7-9/m5-7.5)
875,black,33
876,white,29-31cm(usw13-15/m11-13)
877,fadedgreen,27-29cm(usw11-12.5/m9-11)
878,black,xs(usw5.5-6)
879,winered,25-27cm(usw9-11/m7.5-10)
880,darknavypattern,27-29cm(usw11-12.5/m9-11)
881,offwhite,l-xl
882,yellow,21-23cm(usw5-7/m3-5)
883,navy,"queen(l80.7xw80.7"")"
884,browncheck,m
885,navypattern,27cm(usm9)
886,lightyellowpattern,21-23cm(usw5-7/m3-5)
887,offwhitestripe,m
888,browncheck,l
889,beige,a4
890,grayishbrown,29-31cm(usw13-15/m11-13)
891,"clear(w10.2xd14.6xh6.9"")",
892,natural,29-31cm(usw13-15/m11-13)
893,lightbeige,"king(l90.6xw82.7"")"
894,brown,thick1piece
895,"whitegray(w10.2xd14.6""xh4.7"")",
896,bluestripe,25-27cm(usw9-11/m7.5-10)
897,gray,29-31cm(usw13-15/m11-13)
898,whitecheck,xxl
899,,23cm(usw6.5/m5)
900,smokypink,32
901,,slim
902,,"23cm(9.1"")"
903,gray,"standard(w16.9xl24.8"")"
904,lightbeige,xxs
905,sandbeigepattern,xl
906,sandbeige,29
907,black,25.5cm(usw8.5/m7.5)
908,,"8pads(1.2x0.4"")"
909,beige,"king(l90.6xw82.7"")"
910,apricot,xs
911,black,xs
912,,"3.5x5.0"""
913,graycheck,xxl
914,darkgreen,m
915,cream,s
916,lightbluecheck,
917,sandbeige,
918,smokybluestripe,xxl
919,beige,xxs
920,sandbeige,28
921,gray,medium
922,indigoblue,27
923,darkgray,"double(l55.1xw78.7"")"
924,darkgreen,21-23cm(usw5-7/m3-5)
925,darkgray,a6
926,,round
927,black,xl(usw9.5-10/m8.5-9)
928,darkredpattern,25-27cm(usw9-11/m7.5-10)
929,lightpinkstripe,s
930,blue,xl
931,blue,32
932,silvergray,s
933,lightbeige,l25-26.5cm(usw8-9.5/m7-8.5)
934,blackstripe,27-29cm(usw11-12.5/m9-11)
935,silvergray,23-25cm(usw7-9/m5-7.5)
936,palegreen,m
937,black,l-xl
938,gray,small
939,lightpink,27-29cm(usw11-12.5/m9-11)
940,lightbeige,27-29cm(usw11-12.5/m9-11)
941,,blank-wide
942,cream,l
943,navycheck,xxl
944,oatmeal,
945,navyborder,xl26.5-28cm(usw9.5-11/m8.5-10)
946,beigestripe,m
947,yellowstripe,s
948,redcheck,xxl
949,camel,xl
950,white,
951,blackstripe,28-30cm(usw12-13/m11-13.5)
952,brown,xl
953,blackpattern,25-27cm(usw9-11/m7.5-10)
954,asagi,
955,lightgray,23-25cm(usw7-9/m5-7.5)
956,,medium
957,offwhite,"21.6x23.2"""
958,navyborder,xxl28.5-30cm(usw11.5-12/m10.5-12)
959,darknavy,24
960,red,xs
961,silvergray,l
962,lightgraycheck,"semidouble(l65.0xw82.7"")"
963,coral,23-25cm(usw7-9/m5-7.5)
964,gray,21-25cm(usw4-8/m3-7)
965,ivorystripe,23-25cm(usw7-9/m5-7.5)
966,darkmochabrown,s
967,khaki,xs
968,darkbrowncheck,s
969,grayishbrown,
970,natural,"16.9x16.9""(43x43cm)"
971,charcoalgray,s(usw6.5-7)
972,darknavy,xxl
973,lightgreen,27-29cm(usw11-12.5/m9-11)
974,darkmochabrown,23-25cm(usw7-9/m5-7.5)
975,,0.5floz
976,pink,29-31cm(usw13-15/m11-13)
977,greycheck,xs
978,natural,"double(l55.1xw78.7"")"
979,graystripe,28-30cm(usw12-13/m11-13.5)
980,,200ml
981,pinkstripe,xxl
982,coffeebrown,25-27cm(usw9-11/m7.5-10)
983,lightgray,m
984,beige,"semidouble-double(w43.3xl66.9xd15"")"
985,lightpurple,m
986,palelemon,23-25cm(usw7-9/m5-7.5)
987,lightgray,l
988,lightpurple,l
989,,horizontalstripes
990,orange,xl
991,greenstripe,xl
992,navystripe,xxl
993,beige,21-25cm(usw4-8/m3-7)
994,darknavy,33
995,clear,"width3.9"""
996,,21cm
997,green,m
998,deepblack,22
999,mediumgray,xl
1000,lightgray,21-23cm(usw5-7/m3-5)
1001,darkmochabrown,l
1002,darkbrowncheck,l
1003,charcoalgray,l(usw8.5-9/m7.5-8)
1004,offwhite,m
1005,blue,21
1006,lightgray,"queen(w19.7xl27.6"")"
1007,gray,"king(l68.9xw72.8"")"
1008,palepeach,xl
1009,brownstripe,25-27cm(usw9-11/m7.5-10)
1010,beige,"double(l55.1xw78.7"")"
1011,navy,m
1012,darkbrown,
1013,ivorycheck,xs
1014,beige,a6
1015,navycheck,xl
1016,,rings
1017,offwhitepattern,27-29cm(usw11-12.5/m9-11)
1018,,
1019,grayborder,xl26.5-28cm(usw9.5-11/m8.5-10)
1020,brownstripe,xl
1021,darkbrownpattern,xs
1022,redcheck,xl
1023,smokypinkstripe,s
1024,darkgray,xxl
1025,lightbrown,"semidouble(l65xw80.7"")"
1026,darkredcheck,m
1027,smokypink,s
1028,indigoblue,24
1029,black,36
1030,darkredcheck,l
1031,lightsilvergray,m
1032,lightgrey,xxl
1033,,27cm(usw10.5/m9)
1034,navy,21-23cm(usw5-7/m3-5)
1035,lightsilvergray,l
1036,deepblack,35
1037,smokypink,23-25cm(usw7-9/m5-7.5)
1038,gray,"queen(l61.0xw72.8"")"
1039,grayborder,xxl28.5-30cm(usw11.5-12/m10.5-12)
1040,lightyellowstripe,xxl
1041,offwhitecheck,s
1042,darknavystripe,xxl
1043,apricot,s
1044,,"standforbrushes&pencils(w2.8xd2.8xh4.1"")"
1045,darknavy,32
1046,greenpattern,
1047,apricot,23-25cm(usw7-9/m5-7.5)
1048,lightsilvergray,21-23cm(usw5-7/m3-5)
1049,black,23-25cm(usw7-9/m5-7.5)
1050,offwhite,l(usw8.5-9/m7.5-8)
1051,antiqueblue,29-31cm(usw13-15/m11-13)
1052,,small3l
1053,darkgray,"single(l39.3xw78.7"")"
1054,black,23-25cm(usw7-9w/m5-7.5)
1055,,stripes
1056,oatmeal,xxl
1057,lightgray,"queen(l62.9xw78.7"")"
1058,lilac,xs
1059,bluepattern,xxl
1060,,25.5cm(usw9/m7.5)
1061,charcoalgray,xl26.5-28cm(usw9.5-11/m8.5-10)
1062,smokypinkcheck,xl
1063,saxeblue,29-31cm(usw13-15/m11-13)
1064,blue,"king(l70.9xw78.7"")"
1065,smokypinkstripe,l
1066,naturalbrown,
1067,smokypink,l
1068,purple,xs
1069,grayishbrown,24
1070,charcoalgray,xxl28.5-30cm(usw11.5-12/m10.5-12)
1071,pink,
1072,natural,24
1073,offwhitecheck,l
1074,lightgray,"queen(l80.7xw82.7"")"
1075,,a430holes(15sheets)
1076,black,m
1077,apricot,l
1078,black,l
1079,white,20.3floz
1080,darkgray,xxs-xs
1081,grayishbrown,xxl
1082,grayishbrownpattern,xs
1083,navy,"queen(l62.9xw78.7"")"
1084,khakigreenpattern,25-27cm(usw9-11/m7.5-10)
1085,yellow,29-31cm(usw13-15/m11-13)
1086,charcoalgraypattern,28-30cm(usw12-13/m11-13.5)
1087,natural,xxl
1088,darkgraystripe,xs
1089,darkpurple,xxl
1090,graypattern,28-30cm(usw12-13/m11-13.5)
1091,,0.5mm
1092,bordeauxcheck,
1093,skybluestripe,xl
1094,darkbrowncheck,"queen(l80.7xw82.7"")"
1095,gray,xxl
1096,darkgray,xs
1097,apricot,21-23cm(usw5-7/m3-5)
1098,black,21-23cm(usw5-7/m3-5)
1099,,thin
1100,green,xl26.5-28cm(usw9.5-11/m8.5-10)
1101,smokygreenstripe,xl
1102,whitecheck,s
1103,semitransparent,
1104,navycheck,s-m
1105,yellowgreen,
1106,lightyellowstripe,xl
1107,,"large(w13.4xd17.5xh9.4"")"
1108,red,23-25cm(usw7-9/m5-7.5)
1109,natural,"single(l39.3xw78.7"")"
1110,graycheck,s
1111,smokybrown,xxl
1112,green,large
1113,gray,"single(l39.3xw78.7"")"
1114,graystripe,xxl
1115,mustardpattern,27-29cm(usw11-12.5/m9-11)
1116,smokybluestripe,s
1117,smokypurple,xs
1118,navyborder,l25-26.5cm(usw8-9.5/m7-8.5)
1119,bluepattern,xs
1120,redstripe,xs
1121,,oak
1122,charcoalgray,28-30cm(usw12-13/m10-13.5)
1123,navypattern,28.5cm(usm10.5)
1124,oatmeal,xl
1125,lightbeige,xs(usw5.5-6)
1126,darknavycheck,xxl
1127,lightbeige,"semidouble(l65.0xw82.7"")"
1128,grayishbrown,xxs-xs
1129,,b
1130,whitecheck,l
1131,,"semidouble(l66.9xw82.7"")"
1132,offwhite,28cm(usm10)
1133,whitepattern,23-25cm(usw7-9/m5-7.5)
1134,white,xl
1135,lightbrown,"double(l53.1xw72.8"")"
1136,,"breadplate/5.7"""
1137,red,m
1138,,a5slim
1139,red,l
1140,,"large(w33.0xd15.7"")"
1141,navypattern,28-30cm(usw12-13/m11-13.5)
1142,khaki,m
1143,graycheck,l
1144,palepeach,s
1145,,24pegs
1146,khaki,l
1147,ginghamcheck,
1148,navycheck,s
1149,darkpurple,xs
1150,grayishbrown,xl
1151,greycheck,m
1152,lightyellow,xxl
1153,grayishbrown,32
1154,greycheck,l
1155,red,21-23cm(usw5-7/m3-5)
1156,natural,32
1157,blue,22
1158,,264pockets
1159,redpattern,27.5cm(usm9.5)
1160,smokybluestripe,l
1161,blackstripe,xs
1162,,extrasmall
1163,charcoalgrey,xs
1164,lightbeige,"king(l88.6xw80.7"")"
1165,lightpink,xs
1166,lightbeige,xs
1167,,700ml(23.7floz)
1168,black,31
1169,sandbeige,23
1170,khakigreenstripe,28-30cm(usw12-13/m11-13.5)
1171,white,13.5floz
1172,yellow,
1173,darknavy,s
1174,lightpink,23-25cm(usw6-8/m5-7)
1175,palepeach,l
1176,darkbrown,"semidouble(l65.0xw82.7"")"
1177,graystripe,xs
1178,beige,xs
1179,darknavy,23-25cm(usw7-9/m5-7.5)
1180,blue,35
1181,smokyblue,xxl
1182,,"largew21.6xd17.3xh9.4"""
1183,pinkstripe,s
1184,mix,
1185,ivorycheck,m
1186,darkgray,s-m
1187,,giftbox#4
1188,ivorycheck,l
1189,,"smallw17.5xd21.6xh7.1"""
1190,,a7
1191,lightbeige,"queen(l80.7xw80.7"")"
1192,orangestripe,xxl
1193,grayborder,l25-26.5cm(usw8-9.5/m7-8.5)
1194,,30piecesset
1195,,"3.9x5.8"""
1196,darkbrownpattern,m
1197,beige,23-25cm(usw6-8/m5-7)
1198,navystripe,s
1199,lightgreen,xs
1200,darkbrownpattern,l
1201,,56pockets
1202,black,28cm(usm10)
1203,charcoalgray,xxs
1204,navystripe,23-25cm(usw7-9/m5-7.5)
1205,lightbeigecheck,xs
1206,,b4
1207,darknavy,l
1208,lightgreen,23-25cm(usw6-8/m5-7)
1209,beige,l-xl
1210,pinkstripe,l
1211,graypattern,xxl
1212,palegreenstripe,xxl
1213,gray,xxl(usm9.5-10)
1214,smokyyellow,xl
1215,darkgraystripe,s
1216,greenpattern,xl
1217,sandbeige&gray,
1218,lightgray,"standard(w16.9xl24.8"")"
1219,darkgraystripe,23-25cm(usw7-9/m5-7.5)
1220,lilac,m
1221,darkbrown,m23.5-25cm(usw6.5-8/m5.5-7)
1222,darkgray,s
1223,black,thin3pieces
1224,,23cm
1225,charcoalgray,l25-26.5cm(usw8-9.5/m7-8.5)
1226,lightgreen,l-xl
1227,lightgrey,s
1228,navystripe,l
1229,,"2-(w14.6xd10.2xh3.1"")"
1230,darkgray,23-25cm(usw7-9/m5-7.5)
1231,"whitegray(w10.2xd14.6xh6.9"")",
1232,purple,m
1233,mochabrown,25-27cm(usw8-10/m7-9)
1234,,136pockets
1235,pink,25-27cm(usw9-11/m7.5-10)
1236,purple,l
1237,lightyellowstripe,s
1238,blueblack,0.38mm
1239,grayishbrown,s-m
1240,mochabrown,xxl
1241,charcoalgray,27-29cm(usw11-12.5/m9-11)
1242,,b6slim
1243,darknavystripe,s
1244,burgundystripe,xs
1245,offwhite,"standard(w16.9xl24.8"")"
1246,naturalblue,
1247,pink,xl
1248,lightgray,medium
1249,lavender,25-27cm(usw9-11/m7.5-10)
1250,,200ml(6.76floz)
1251,grayishbrownpattern,m
1252,bordeauxstripe,xl
1253,charcoalgraystripe,25-27cm(usw9-11/m7.5-10)
1254,lightorange,xxl
1255,deepblack,29
1256,orangestripe,xs
1257,oatmeal,s
1258,darkgraystripe,l
1259,bluepattern,s
1260,,"21.7""x23.2"""
1261,darkgray,l
1262,green,medium
1263,bluepattern,23-25cm(usw7-9/m5-7.5)
1264,green,l25-26.5cm(usw8-9.5/m7-8.5)
1265,lightgray,small
1266,lightgrey,l
1267,khakigreen,xxl
1268,grayishbrownpattern,21-23cm(usw5-7/m3-5)
1269,,small3pcs
1270,smokyblue,xl(usw9.5-10/m8.5-9)
1271,darkgraystripe,21-23cm(usw5-7/m3-5)
1272,deepblack,28
1273,navy,medium
1274,darknavystripe,l
1275,ecru,
1276,natural,"16.9x16.9"""
1277,darkgray,21-23cm(usw5-7/m3-5)
1278,green,small
1279,mediumgraystripe,25-27cm(usw9-11/m7.5-10)
1280,charcoalgray,27
1281,charcoalgraypattern,xs
1282,yellow,xxl
1283,natural,"king(l70.9xw78.7"")"
1284,offwhite,28.5cm(usm10.5)
1285,graypattern,xs
1286,natural,s
1287,,20pockets
1288,darkpurple,s
1289,lightgraystripe,xl
1290,smokygreen,25-27cm(usw9-11/m7.5-10)
1291,natural,23-25cm(usw7-9/m5-7.5)
1292,palegreenstripe,xl
1293,gray,"king(l70.9xw78.7"")"
1294,navy,small
1295,,3.4floz
1296,smokypurple,m
1297,deepblack,25
1298,gray,s
1299,whitestripe,27-29cm(usw11-12.5/m9-11)
1300,,355ml(12.0floz)
1301,redstripe,m
1302,smokypurple,l
1303,blackstripe,s
1304,bluepattern,l
1305,darknavy,35
1306,,"small(w3.5xd1xh4.5"")"
1307,gray,23-25cm(usw7-9/m5-7.5)
1308,darkorange,m
1309,blackstripe,23-25cm(usw7-9/m5-7.5)
1310,darknavy,31
1311,browncheck,xxl
1312,darkorange,l
1313,offwhitestripe,xxl
1314,,"1/2horizontal(w5.9xd4.3xh3.4"")"
1315,black,29-31cm(usw13-15/m11-13)
1316,darkmustard,25-27cm(usw9-11/m7.5-10)
1317,smokymustard,xs
1318,lightgray,
1319,lightpurple,
1320,mochabrown,xl
1321,smokybrown,s
1322,smokyblue,xxl(usm9.5-10)
1323,whitestripe,28-30cm(usw12-13/m11-13.5)
1324,offwhite,21-25cm(usw4-8/m3-7)
1325,graystripe,s
1326,,"100sheets(~3.0x1.0"")"
1327,natural,l
1328,red&navy,
1329,darkpurple,l
1330,graystripe,23-25cm(usw7-9/m5-7.5)
1331,lightorange,xl
1332,,"16.9x16.9"""
1333,darkmochabrown,
1334,offwhite,"16.9x16.9""(43x43cm)"
1335,darknavycheck,s
1336,gray,l
1337,blackstripe,m
1338,darkgray,"queen(l62.9xw78.7"")"
1339,blackstripe,l
1340,charcoalgrey,m
1341,saxeblue,xl
1342,gray,"semidouble(l65xw80.7"")"
1343,offwhite,"double(l55.1xw78.7"")"
1344,lightpink,m
1345,lightbeige,m
1346,darkgray,"small(w33.1xd0.4xh14.6"")"
1347,darkgreen,xxl
1348,blue,"king(l90.6xw82.7"")"
1349,black,medium
1350,khakigreen,xl
1351,navypattern,25.5cm(usw8.5/m7.5)
1352,lightlilac,23-25cm(usw7-9/m5-7.5)
1353,navypattern,xs
1354,khakigreen,m(usw7.5-8/m6.5-7)
1355,blackstripe,21-23cm(usw5-7/m3-5)
1356,smokybrown,l
1357,redpattern,25-27cm(usw9-11/m7.5-10)
1358,darkgray,"queen(l80.7xw82.7"")"
1359,yellow,xl
1360,lightyellow,s
1361,black,small
1362,beige,m
1363,graystripe,l
1364,lightbeige,"queen(w19.7xl27.6"")"
1365,lightyellow,23-25cm(usw7-9/m5-7.5)
1366,mixbrown,
1367,navy,"king(l68.9xw72.8"")"
1368,darknavycheck,l
1369,red,29-31cm(usw13-15/m11-13)
1370,palegreen,xxl
1371,offwhitestripe,xs
1372,mochabrownpattern,
1373,lightgreen,m
1374,smokypink,29
1375,beige,21-23cm(usw5-7/m3-5)
1376,khaki,29-31cm(usw13-15/m11-13)
1377,black,27.5cm(usm9.5)
1378,browncheck,xl
1379,mediumgrey,xs
1380,,"5-(w14.6xd10.2xh9.4"")"
1381,,"small(w5.9xd8.7xh1.8"")"
1382,lightbeigecheck,m
1383,grayishbrown,22
1384,beige,"queen(w19.7xl27.6"")"
1385,navypattern,l-xl
1386,graypattern,s-m
1387,beigestripe,xxl
1388,saxebluecheck,xs
1389,smokypink,
1390,,sdia.11.5cm
1391,greencheck,xs
1392,bluestripe,28-30cm(usw12-13/m11-13.5)
1393,navy,"queen(l61.0xw72.8"")"
1394,smokyblue,s
1395,natural,"queen(l62.9xw78.7"")"
1396,lightgraycheck,"king(l90.6xw82.7"")"
1397,lightyellow,l
1398,smokyblue,23-25cm(usw7-9/m5-7.5)
1399,redpattern,29cm(usm11)
1400,orangestripe,s
1401,apricot,
1402,black,
1403,khakigreen,xxl(usm9.5-10)
1404,lightblue,xs
1405,lightyellow,21-23cm(usw5-7/m3-5)
1406,darkgreen,xl
1407,,oval
1408,gray,"queen(l80.7xw82.7"")"
1409,natural,"21.6x23.2""(55x59cm)"
1410,charcoalgraypatten,m
1411,lightgray,xxl
1412,lightpurple,xxl
1413,burgundystripe,m
1414,beige,"queen(l62.9xw78.7"")"
1415,burgundystripe,l
1416,smokyblue,l
1417,brown,27-29cm(usw11-12.5/m9-11)
1418,blue,"semidouble-double(w43.3xl66.9xd15"")"
1419,navycheck,"king(l90.6xw82.7"")"
1420,graypattern,s
1421,blue,28
1422,grayishbrownstripe,23-25cm(usw7-9/m5-7.5)
1423,lightbeige,xl26.5-28cm(usw9.5-11/m8.5-10)
1424,charcoalgray,xs(usw5.5-6)
1425,charcoalgraypattern,23-25cm(usw7-9/m5-7.5)
1426,graypattern,23-25cm(usw7-9/m5-7.5)
1427,lightpinkcheck,xs
1428,mediumgray,xxs
1429,clear,
1430,,360ml
1431,orangestripe,l
1432,green,xxl
1433,,1tier
1434,blackpattern,27-29cm(usw11-12.5/m9-11)
1435,offwhite,xxl
1436,gray,"double(l53.1xw72.8"")"
1437,,a5
1438,,15ml(0.5floz)
1439,redpattern,26.5cm(usw9.5/m8.5)
1440,blue,25
1441,navy,xxl
1442,mochabrown,s
1443,natural,29-31cm(usw13-14.5/m11-13)
1444,smokymustard,s
1445,grayishcyan,
1446,mochabrown,23-25cm(usw7-9/m5-7.5)
1447,gray,29-31cm(usw13-14.5/m11-13)
1448,silvergray,25-27cm(usw9-11/m7.5-10)
1449,charcoalgraypattern,m
1450,,small(5ml)
1451,charcoalgraypattern,l
1452,smokybluepattern,xs
1453,antiqueblue,23-25cm(usw7-9/m5-7.5)
1454,blackpattern,28-30cm(usw12-13/m11-13.5)
1455,darkredcheck,xxl
1456,lightorange,s
1457,red,
1458,graypattern,l
1459,browncheck,s-m
1460,charcoalgray,xs
1461,offwhite,"single(l39.3xw78.7"")"
1462,graycheck,
1463,silvergray,xl
1464,sandbeige,26
1465,offwhite,xs(usw5.5-6)
1466,navy,"single(l39.3xw78.7"")"
1467,brick,xs
1468,graybeige,
1469,lightgray,xxs-xs
1470,grayishbrownstripe,21-23cm(usw5-7/m3-5)
1471,darkbrown,xl26.5-28cm(usw9.5-11/m8.5-10)
1472,charcoalgray,23-25cm(usw6-8/m5-7)
1473,mochabrown,l
1474,smokymustard,l
1475,black,38
1476,yellow,s
1477,bluecheck,xs
1478,leafgreen,xs
1479,ivorystripe,25-27cm(usw9-11/m7.5-10)
1480,lightgray,xl
1481,lightpurple,xl
1482,lightyellowpattern,23-25cm(usw7-9/m5-7.5)
1483,darkmochabrown,25-27cm(usw9-11/m7.5-10)
1484,smokygreen,m
1485,,a430holes(100sheets)
1486,black,24
1487,ivory,xs
1488,green,xs
1489,whitegray,"width5.9"""
1490,black,25-27cm(usw8-10/m7-9)
1491,,"21.0cm(approx.8.3"")"
1492,"clear(w10.2xd14.6""xh4.7"")",
1493,offwhite,xs
1494,black,thick1piece
1495,browncheck,s
1496,darkbrowncheck,xl
1497,darkmochabrown,xl
1498,offwhitestripe,s
1499,black,xxl
1500,deepblack,34
1501,,0.38mm
1502,lightbluestripe,xs
1503,navypattern,m
1504,,single
1505,whitestripe,xs
1506,sandbeige,xxs
1507,,b526holes(10sheets)
1508,darknavy,29
1509,,long
1510,mustard,xs
1511,beigepattern,
1512,offwhite,xl(usw9.5-10/m8.5-9)
1513,deepblack,23
1514,darkredcheck,xl
1515,lightsilvergray,xl
1516,,largewave
1517,chocolatebrown,21-23cm(usw5-7/m3-5)
1518,khakigreen,s(usw6.5-7)
1519,mustard,23-25cm(usw6-8/m5-7)
1520,darkgreen,s
1521,darknavy,28
1522,offwhitestripe,l
1523,palebrownstripe,23-25cm(usw7-9/m5-7.5)
1524,redpattern,26cm(usw9/m8)
1525,darkgreen,23-25cm(usw7-9/m5-7.5)
1526,mediumgrey,m
1527,mediumgrey,l
1528,smokypink,25-27cm(usw9-11/m7.5-10)
1529,rawwhite,25-27cm(usw9-11/m7.5-10)
1530,saxebluecheck,m
1531,saxebluecheck,l
1532,greencheck,m
1533,black,xxs-xs
1534,blackstripe,29-31cm(usw13-15/m11-13)
1535,smokypinkstripe,xl
1536,,"50sheets(~3.0x2.0"")"
1537,smokypink,xl
1538,,highmoisture
1539,red,xxl
1540,offwhite,xxl(usm9.5-10)
1541,palegreen,s
1542,offwhitecheck,xl
1543,charcoalgray,30
1544,khaki,xxl
1545,lightblue,m
1546,lightbeige,"standard(w16.9xl24.8"")"
1547,palegreen,23-25cm(usw7-9/m5-7.5)
1548,darkgreen,l
1549,grayishbrown,xxs
1550,apricot,xl
1551,redpattern,27cm(usm9)
1552,,a6-thin
1553,black,xl
1554,deepblack,30
1555,black,32
1556,lightgray,s-m
1557,khakigreenpattern,28-30cm(usw12-13/m11-13.5)
1558,greycheck,xxl
1559,graystripe,29-31cm(usw13-15/m11-13)
1560,black,m(usw7.5-8/m6.5-7)
1561,blue,"semidouble(l65.0xw82.7"")"
1562,blue,25-27cm(usw9-11/m7.5-10)
1563,indigoblue,29
1564,darkgray,
1565,bluestripe,xs
1566,,"a4(8.3x11.7"")"
1567,beigestripe,s
1568,palebrownstripe,21-23cm(usw5-7/m3-5)
1569,sandbeigepattern,xs
1570,charcoalgray,"21.6x23.2"""
1571,charcoalgray,36
1572,charcoalgraycheck,l-xl
1573,beige,"standard(w16.9xl24.8"")"
1574,indigoblue,
1575,mixgray,
1576,sandbeige,27
1577,offwhite,s-m
1578,white,27-29cm(usw11-12.5/m9-11)
1579,darkbrown,"king(l90.6xw82.7"")"
1580,lightpinkcheck,m
1581,lightpinkcheck,l
1582,indigoblue,28
1583,palegreen,l
1584,sandbeige,25
1585,,5tiers
1586,limegreen,
1587,,"king(l90.6xw82.7"")"
1588,camel,25-27cm(usw9-11/m7.5-10)
1589,brown,25-27cm(usw9-11/m7.5-10)
1590,,26cm(usw9.5/m8)
1591,lightyellow,29-31cm(usw13-15/m11-13)
1592,ivorycheck,xxl
1593,lightgray,"king(l70.9xw78.7"")"
1594,beigestripe,l
1595,lightgray,s
1596,lightpurple,s
1597,saxeblue,29-31cm(usw13-14.5/m11-13)
1598,,horizontallinedwithdottedgrid
1599,lightbrown,"single(l37.4xw72.8"")"
1600,darknavy,xxxs
1601,grayishbrown,29
1602,orangecheck,"queen(l80.7xw82.7"")"
1603,darkbrownpattern,xxl
1604,smokybluepattern,m
1605,natural,29
1606,whitecheck,xl
1607,lightgreenpattern,23-25cm(usw7-9/m5-7.5)
1608,khakigreen,29-31cm(usw13-14.5/m11-13)
1609,lightgreenstripe,m
1610,charcoalgray,m
1611,black,xxl(usm9.5-10)
1612,sandbeigestripe,xs
1613,darknavy,25-27cm(usw8-10/m7-9)
1614,red,xl
1615,green,s
1616,,2l(67.6floz)
1617,navypattern,28cm(usm10)
1618,brick,m
1619,offwhite,s
1620,natural,
1621,graycheck,xl
1622,green,23-25cm(usw7-9/m5-7.5)
1623,khaki,xl
1624,yellow,29-31cm(usw13-14.5/m11-13)
1625,navy,"king(l70.9xw78.7"")"
1626,grayishbrown,28
1627,offwhite,23-25cm(usw7-9/m5-7.5)
1628,clear,13.5floz
1629,navy,s
1630,darkbrown,l25-26.5cm(usw8-9.5/m7-8.5)
1631,natural,28
1632,gray,
1633,greycheck,xl
1634,navy,23-25cm(usw7-9/m5-7.5)
1635,whitepattern,25-27cm(usw9-11/m7.5-10)
1636,charcoalgray,21-23cm(usw5-7/m3-5)
1637,offwhite,23-25cm(usw7-9w/m5-7.5)
1638,smokybluestripe,xl
1639,,flat
1640,black,21
1641,blackpattern,xs
1642,blue,34
1643,bluecheck,m
1644,lilac,xxl
1645,leafgreen,m
1646,whitestripe,23-25cm(usw7-9/m5-7.5)
1647,brown,m23.5-25cm(usw6.5-8/m5.5-7)
1648,darkredcheck,s
1649,leafgreen,l
1650,lightbeige,"double(l55.1xw78.7"")"
1651,,hb
1652,lightsilvergray,s
1653,grayishbrown,25
1654,,50ml
1655,black,s-m
1656,purple,xxl
1657,,"2-(w7.1xd15.7xh32.7"")"
1658,lightsilvergray,23-25cm(usw7-9/m5-7.5)
1659,ivory,m
1660,salmonpink,23-25cm(usw6-8/m5-7)
1661,navycheck,"semidouble(l65.0xw82.7"")"
1662,green,l
1663,blue,23
1664,offwhite,l
1665,,1.0floz
1666,greenstripe,xs
1667,navy,l
1668,lightbluestripe,m
1669,darknavycheck,
1670,lightbeige,"king(l68.9xw72.8"")"
1671,navy,"semidouble(l65xw80.7"")"
1672,,40pegs
1673,aquablue,23-25cm(usw7-9/m5-7.5)
1674,darkgraystripe,xxl
1675,ivorycheck,xl
1676,green,21-23cm(usw5-7/m3-5)
1677,greenpattern,27-29cm(usw11-12.5/m9-11)
1678,whitestripe,m
1679,whitestripe,l
1680,offwhite,21-23cm(usw5-7/m3-5)
1681,mustard,m
1682,offwhite,"queen(w19.7xl27.6"")"
1683,darkbrownpattern,xl
1684,darknavy,25-27cm(usw9-11/m7.5-10)
1685,lightbeige,"queen(l61.0xw72.8"")"
1686,winered,23-25cm(usw7-9/m5-7.5)
1687,black,s
1688,lightyellow,
1689,darkbrown,"double(l55.1xw78.7"")"
1690,brownstripe,xs
1691,darknavy,xl
1692,yellowcheck,m
1693,pink,27-29cm(usw11-12.5/m9-11)
1694,darkbeige,m
1695,pinkstripe,xl
1696,navystripe,25-27cm(usw9-11/m7.5-10)
1697,smokypurple,xxl
1698,bluestripe,s
1699,redstripe,xxl
1700,blue,30
1701,lightgray,"small(w33.1xd0.4xh14.6"")"
1702,lavender,27-29cm(usw11-12.5/m9-11)
1703,,500ml(16.9floz)
1704,bluestripe,23-25cm(usw7-9/m5-7.5)
1705,charcoalgraystripe,27-29cm(usw11-12.5/m9-11)
1706,navystripe,xl
1707,aquablue,21-23cm(usw5-7/m3-5)
1708,grayishbrown,xxxs
1709,natural,xxxs
1710,purple,xl
1711,smokyblue,
1712,offwhite,"queen(l62.9xw78.7"")"
1713,purplecheck,xs
1714,darkgreenstripe,xs
1715,darkgray,25-27cm(usw9-11/m7.5-10)
1716,grayishbrownpattern,xl
1717,charcoalgraystripe,28-30cm(usw12-13/m11-13.5)
1718,gray,25-27cm(usw8-10/m7-9)
1719,winered,21-23cm(usw5-7/m3-5)
1720,,29cm(usw12.5/m11)
1721,darkgraystripe,xl
1722,bluestripe,m
1723,blackstripe,xxl
1724,bluestripe,l
1725,black,26cm(usw9/m8)
1726,darkblue,"16.9x16.9"""
1727,offwhite,"queen(l80.7xw82.7"")"
1728,sandbeigepattern,m
1729,charcoalgrey,xxl
1730,smokyyellowstripe,xs
1731,darkgray,xl
1732,lavenderpattern,23-25cm(usw7-9/m5-7.5)
1733,khakigreen,xxs
1734,pinkcheck,l-xl
1735,lightpink,xxl
1736,lightbeige,xxl
1737,navy,"queen(l80.7xw82.7"")"
1738,,27.5cm(usw11/m9.5)
1739,lightgrey,xl
1740,offwhitestripe,29-31cm(usw13-15/m11-13)
1741,darkredpattern,23-25cm(usw7-9/m5-7.5)
1742,red,s
1743,khaki,"16.9x16.9"""
1744,offwhite,"21.6x23.2""(55x59cm)"
1745,,"16.5"""
1746,black,s(usw6.5-7)
1747,darknavy,34
1748,skybluestripe,xs
1749,khaki,s
1750,charcoalgraypattern,
1751,fadedblue,23-25cm(usw6-8/m5-7)
1752,darknavystripe,xl
1753,sandbeige,xs
1754,graypattern,
1755,mediumgraystripe,28-30cm(usw12-13/m11-13.5)
1756,khaki,23-25cm(usw7-9/m5-7.5)
1757,palepink,23-25cm(usw7-9/m5-7.5)
1758,,100ml(3.4floz)
1759,smokygreenstripe,xs
1760,bluepattern,25-27cm(usw9-11/m7.5-10)
1761,greycheck,s
1762,beige,xxl
1763,,a520holes(10sheets)
1764,,"1-(w7.1xd15.7xh32.7"")"
1765,darknavy,27-29cm(us11-12.5w/9-11m)
1766,smokypink,22
1767,,"large(w11.8xd5.1xh7.1"")"
1768,blue,m
1769,white,25-27cm(usw9-11/m7.5-10)
1770,lightbeige,"single(l39.3xw78.7"")"
1771,darknavy,21
1772,smokypurple,xl
1773,navy,"double(l53.1xw72.8"")"
1774,bluepattern,xl
1775,green,29-31cm(usw13-14.5/m11-13)
1776,,daysofweek
1777,saxeblue,27-29cm(usw11-12.5/m9-11)
1778,,flatlid
1779,mochabrown,
1780,lightgreen,xxl
1781,mustard,large
1782,darkorange,xl
1783,blackpattern,23-25cm(usw7-9/m5-7.5)
1784,black,22
1785,smokymustard,
1786,khakigreen,27-29cm(usw11-12.5/m9-11)
1787,grayishbrown,25-27cm(usw9-11/m7.5-10)
1788,lightbeigecheck,xxl
1789,navy,29-31cm(usw13-14.5/m11-13)
1790,sandbeigestripe,m
1791,natural,25-27cm(usw9-11/m7.5-10)
1792,beige,"single(l39.3xw78.7"")"
1793,sandbeigestripe,l
1794,camel,m
1795,beige,"queen-king(w53.1xl66.9xd15"")"
1796,,2b
1797,gray,"semidouble(l65.0xw82.7"")"
1798,gray,25-27cm(usw9-11/m7.5-10)
1799,brown,m
1800,black,a5
1801,deepblack,26
1802,ivorycheck,s
1803,natural,xl
1804,navy-dotted,
1805,charcoal,
1806,darkpurple,xl
1807,darkgrey,xs
1808,redpattern,27-29cm(usw11-12.5/m9-11)
1809,gray,xl
1810,coffeebrown,23-25cm(usw7-9/m5-7.5)
1811,black,35
1812,blackstripe,xl
1813,blackpattern,m
1814,darkbrownpattern,s
1815,,thick
1816,,"large(w5.9xd8.7xh6.7"")"
1817,blackpattern,l
1818,charcoalgrey,xl
1819,gray,m(usw7.5-8/m6.5-7)
1820,mistygray,23-25cm(usw7-9w/m5-7.5)
1821,beige,xxs-xs
1822,white,23-25cm(usw6-8/m5-7)
1823,,"21cm(8.6"")"
1824,darkgray,27-29cm(us11-12.5w/9-11m)
1825,darkbrown,"single(l39.3xw78.7"")"
1826,charcoalgray,40
1827,smokybrown,xl
1828,gray,b5
1829,burgundystripe,xxl
1830,lightgreen,xxs-xs
1831,grayishbrown,23-25cm(usw6-8/m5-7)
1832,,"3-(w11.4xd16.5xh9.8"")"
1833,orange,m
1834,greenstripe,m
1835,graystripe,xl
1836,lightbeige,xl(usw9.5-10/m8.5-9)
1837,,large(15ml)
1838,,25-27cm(usw9-11/m7.5-10)
1839,,50ml(1.69floz)
1840,white,l-xl
1841,indigoblue,21
1842,natural,m23.5-25cm(usw6.5-8/m5.5-7)
1843,browncheck,
1844,lilac,s
1845,darknavycheck,xl
1846,charcoalgray,29-31cm(usw13-15/m11-13)
1847,gray,m23.5-25cm(usw6.5-8/m5.5-7)
1848,mediumgray,m
1849,black,29-31cm(usw13-14.5/m11-13)
1850,purple,s
1851,grayishbrown,l-xl
1852,,18ml(0.6floz)
1853,mistygray,21-23cm(usw5-7/m3-5)
1854,coffeebrown,21-23cm(usw5-7/m3-5)
1855,lightyellow,25-27cm(usw9-11/m7.5-10)
1856,greenpattern,25-27cm(usw9-11/m7.5-10)
1857,darkbrown,xs
1858,brownstripe,m
1859,charcoalgraypattern,xxl
1860,,b5
1861,grayishbrownpattern,s
1862,lightyellow,xl
1863,sandbeige,30
1864,grayishbrownpattern,23-25cm(usw7-9/m5-7.5)
1865,grey,
1866,blue,large
1867,darkgray,"king(l70.9xw78.7"")"
1868,darkgreen,
1869,lightbeige,xxl(usm9.5-10)
1870,lightgray,"king(l90.6xw82.7"")"
1871,fadedgreen,23-25cm(usw7-9/m5-7.5)
1872,lilac,l
1873,grayishbrown,23
1874,green,29-31cm(usw13-15/m11-13)
1875,natural,21
1876,brownstripe,21-23cm(usw5-7/m3-5)
1877,,m23.5-25cm(usw6.5-8/m5.5-7)
1878,offwhite,29-31cm(usw13-15/m11-13)
1879,clear,"width5.9"""
1880,,"smallw15.7xd25.6xh7.1"""
1881,brown,xl26.5-28cm(usw9.5-11/m8.5-10)
1882,smokyblue,25-27cm(usw9-11/m7.5-10)
1883,smokyyellow,xs
1884,charcoalgraypatten,xs
1885,darkbrowncheck,"king(l90.6xw82.7"")"
1886,purplecheck,m
1887,purplecheck,l
1888,,22cm(usw5.5/m4)
1889,darkgreenstripe,m
1890,brown,xxl28.5-30cm(usw11.5-12/m10.5-12)
1891,smokypinkcheck,m
1892,burgundystripe,xl
1893,smokyblue,xl
1894,darkgreenstripe,l
1895,khakigreen,xxxs
1896,grayishbrownpattern,l
1897,brown,large
1898,smokygreen,xxl
1899,smokypurple,s
1900,smokyblue,m(usw7.5-8/m6.5-7)
1901,redstripe,s
1902,red,29-31cm(usw13-14.5/m11-13)
1903,silvergray,27-29cm(usw11-12.5/m9-11)
1904,gray,"single(l37.4xw72.8"")"
1905,orangestripe,xl
1906,darkorange,s
1907,smokyyellowstripe,m
1908,smokypink,26
1909,darknavy,22
1910,pink,xs
1911,bordeauxstripe,xs
1912,beige,s-m
1913,charcoalgray,21-25cm(usw4-8/m3-7)
1914,navypattern,xxl
1915,lightbeigepattern,xs
1916,grayishbrown,30
1917,,small-3pcs
1918,skybluestripe,m
1919,lavender,xs
1920,fadedblue,21-23cm(usw5-7/m3-5)
1921,sandbeige,m
1922,red-plain,
1923,whitegray,"width3.9"""
1924,,180pieces
1925,deepblack,27
1926,sandbeige,l
1927,charcoalgray,"16.9x16.9""(43x43cm)"
1928,smokygreenstripe,m
1929,charcoalgraypattern,xl
1930,mustard,medium
1931,graypattern,xl
1932,orange,large
1933,lightgreen,s-m
1934,redstripe,l
1935,charcoalgrey,s
1936,mochabrown,25-27cm(usw9-11/m7.5-10)
1937,lightpink,s
1938,palebrown,23-25cm(usw7-9/m5-7.5)
1939,lightbeige,s
1940,blue,26
1941,darkmochabrown,27-29cm(usw11-12.5/m9-11)
1942,olivegreen,
1943,offwhite,27.5cm(usm9.5)
1944,lightpink,23-25cm(usw7-9/m5-7.5)
1945,lightbeige,23-25cm(usw7-9/m5-7.5)
1946,mustard,small
1947,antiqueblue,25-27cm(usw9-11/m7.5-10)
1948,mediumgrey,xxl
1949,oatmealstripe,xs
1950,beige,"16.9x16.9"""
1951,smokymustard,xl
1952,beige,"king(l70.9xw78.7"")"
1953,saxebluecheck,xxl
1954,beige,s
1955,greencheck,xxl
1956,saxeblue,25-27cm(usw9-11/m7.5-10)
1957,smokygreen,xs
1958,darkgreen,xxxs
1959,lightsilvergraypattern,23-25cm(usw7-9/m5-7.5)
1960,,12ml(0.4floz)
1961,beige,23-25cm(usw7-9/m5-7.5)
1962,green,
1963,blue,40
1964,white,m
1965,darkgrey,m
1966,khakigreen,25-27cm(usw9-11/m7.5-10)
1967,darkgrey,l
1968,offwhite,
1969,charcoalgrey,l
1970,indigoblue,22
1971,black,xxs
1972,navy,
1973,lightgreen,s
1974,lightpink,l
1975,lightblue,xxl
1976,lightbeige,l
1977,darkgray,a5
1978,darkmustard,xs
1979,lightgreen,23-25cm(usw7-9/m5-7.5)
1980,,extralarge
1981,lightbeigecheck,s
1982,yellow,25-27cm(usw9-11/m7.5-10)
